modification,canonical_overlap,canonical_total,canonical_pct,discrepant_overlap,discrepant_total,discrepant_pct,odds_ratio,pvalue,pvalue_adj,significant,rbp,cell_line
m6A,339,2930,11.569965870307167,11,75,14.666666666666666,1.3136522861356932,0.25165667869478786,0.5033133573895757,False,HNRNPK,K562
pseudoU,4,2930,0.13651877133105803,0,75,0.0,0.0,1.0,1.0,False,HNRNPK,K562
m5C,47,2930,1.6040955631399316,4,75,5.333333333333334,3.455798621516332,0.03694464020290604,0.14777856081162416,False,HNRNPK,K562
ac4C,7,2930,0.2389078498293515,0,75,0.0,0.0,1.0,1.0,False,HNRNPK,K562
