modification,canonical_overlap,canonical_total,canonical_pct,discrepant_overlap,discrepant_total,discrepant_pct,odds_ratio,pvalue,pvalue_adj,significant,rbp,cell_line
m6A,126,508,24.803149606299215,81,324,25.0,1.0105820105820107,0.5060346775732852,0.861657189741053,False,RBM22,K562
pseudoU,2,508,0.39370078740157477,20,324,6.172839506172839,16.644736842105264,4.257048088099941e-07,1.7028192352399763e-06,True,RBM22,K562
m5C,10,508,1.968503937007874,4,324,1.2345679012345678,0.6225,0.8606213742915327,0.861657189741053,False,RBM22,K562
ac4C,3,508,0.5905511811023622,1,324,0.30864197530864196,0.5211558307533539,0.861657189741053,0.861657189741053,False,RBM22,K562
