modification,canonical_overlap,canonical_total,canonical_pct,discrepant_overlap,discrepant_total,discrepant_pct,odds_ratio,pvalue,pvalue_adj,significant,rbp,cell_line
m6A,967,1494,64.72556894243641,10,54,18.51851851851852,0.12386011093353388,0.9999999999987395,1.0,False,IGF2BP2,K562
pseudoU,25,1494,1.6733601070950468,1,54,1.8518518518518516,1.108679245283019,0.6057808543143076,1.0,False,IGF2BP2,K562
m5C,66,1494,4.417670682730924,5,54,9.25925925925926,2.207792207792208,0.09733251210861392,0.3893300484344557,False,IGF2BP2,K562
ac4C,16,1494,1.07095046854083,0,54,0.0,0.0,1.0,1.0,False,IGF2BP2,K562
