modification,canonical_overlap,canonical_total,canonical_pct,discrepant_overlap,discrepant_total,discrepant_pct,odds_ratio,pvalue,pvalue_adj,significant,rbp,cell_line
m6A,273,2476,11.025848142164781,33,135,24.444444444444443,2.6107519931049343,1.6789733573686772e-05,6.715893429474709e-05,True,RBFOX2,K562
pseudoU,3,2476,0.12116316639741519,0,135,0.0,0.0,1.0,1.0,False,RBFOX2,K562
m5C,20,2476,0.8077544426494345,4,135,2.9629629629629632,3.7496183206106872,0.03242997148804019,0.06485994297608037,False,RBFOX2,K562
ac4C,2,2476,0.08077544426494346,0,135,0.0,0.0,1.0,1.0,False,RBFOX2,K562
