modification,canonical_overlap,canonical_total,canonical_pct,discrepant_overlap,discrepant_total,discrepant_pct,odds_ratio,pvalue,pvalue_adj,significant,rbp,cell_line
m6A,178,5578,3.1911079239870923,8,156,5.128205128205128,1.6398420892802916,0.13338922790483781,0.48245079439627353,False,TARDBP,K562
pseudoU,2,5578,0.035855145213338116,0,156,0.0,0.0,1.0,1.0,False,TARDBP,K562
m5C,9,5578,0.16134815346002152,1,156,0.641025641025641,3.992114695340502,0.24122539719813677,0.48245079439627353,False,TARDBP,K562
ac4C,0,5578,0.0,0,156,0.0,,1.0,1.0,False,TARDBP,K562
