modification,canonical_overlap,canonical_total,canonical_pct,discrepant_overlap,discrepant_total,discrepant_pct,odds_ratio,pvalue,pvalue_adj,significant,rbp,cell_line
m6A,764,4230,18.06146572104019,91,929,9.795479009687837,0.49264329180672006,0.9999999999633803,1.0,False,TIA1,K562
pseudoU,18,4230,0.425531914893617,1,929,0.1076426264800861,0.2521551724137931,0.9771675739943843,1.0,False,TIA1,K562
m5C,45,4230,1.0638297872340425,7,929,0.7534983853606028,0.7060737527114967,0.8518277794479867,1.0,False,TIA1,K562
ac4C,6,4230,0.14184397163120568,0,929,0.0,0.0,1.0,1.0,False,TIA1,K562
