modification,observed,expected,fold,pvalue,qvalue
ac4C,0.0,1.0714,0.4828,0.2887,0.38493
m6A,110.0,194.0107,0.5692,0.0001,0.0004
pseudoU,2.0,2.5428,0.8468,0.53,0.53
m5C,28.0,21.2668,1.3024,0.2309,0.38493
,,,,,
