modification,canonical_overlap,canonical_total,canonical_pct,discrepant_overlap,discrepant_total,discrepant_pct,odds_ratio,pvalue,pvalue_adj,significant,rbp,cell_line
m6A,1706,3733,45.700508974015534,406,947,42.87222808870116,0.8916686350013977,0.9451888590395707,0.992928164740921,False,LIN28B,K562
pseudoU,39,3733,1.0447361371551032,7,947,0.7391763463569165,0.7053464266230224,0.8509340570904573,0.992928164740921,False,LIN28B,K562
m5C,171,3733,4.580766139833914,36,947,3.8014783526927136,0.823155583800335,0.8718949122926037,0.992928164740921,False,LIN28B,K562
ac4C,37,3733,0.991159924993303,3,947,0.31678986272439286,0.3174530462666056,0.992928164740921,0.992928164740921,False,LIN28B,K562
